1,Priya Sharma,priya.sharma@transflower.in,Full-Stack Developer,92,junior,88,scheduled,2026-03-15
2,Arjun Patel,arjun.patel@transflower.in,Cloud Architect,75,mid-level,72,pending,2026-03-20
3,Ananya Desai,ananya.desai@transflower.in,Backend Engineer,95,mid-level,91,completed,2026-02-28
4,Rohit Kumar,rohit.kumar@transflower.in,DevOps Engineer,88,junior,85,completed,2026-03-10
5,Sneha Kulkarni,sneha.kulkarni@transflower.in,Software Engineer,90,junior,87,pending,2026-03-25
5,Sneha Kulkarni,sneha.kulkarni@transflower.in,Software Engineer,90,junior,87,pending,2026-03-25
5,Sneha Kulkarni,sneha.kulkarni@transflower.in,Software Engineer,90,junior,87,pending,2026-03-25
5,Sneha Kulkarni,sneha.kulkarni@transflower.in,Software Engineer,90,junior,87,pending,2026-03-25
5,Sneha Kulkarni,sneha.kulkarni@transflower.in,Software Engineer,90,junior,87,pending,2026-03-25
5,Sneha Kulkarni,sneha.kulkarni@transflower.in,Software Engineer,90,junior,87,pending,2026-03-25
5,Sneha Kulkarni,sneha.kulkarni@transflower.in,Software Engineer,90,junior,87,pending,2026-03-25
